MIN,BRANCH,BUSINESS GROUP,CLOSE DATE,TRANSACTION DATE,BEGINNING INVOICE,ENDING INVOICE,BEGINNING BALANCE,ENDING BALANCE,SALES FOR THE DAY,VATABLE SALES,MONTH,YEAR
2.40219E+16,BALOY,SELECT,02/01/2025,1/31/2025,000-091208,000-091469,"25,173,551.19","25,250,169.19","76,618.00","68,408.93",1,2025
2.40219E+16,BALOY,FUEL,02/01/2025,1/31/2025,000-221684,000-222372,"313,146,201.22","314,031,189.65","884,988.43","790,168.24",1,2025
2.40219E+16,BALOY,FUEL,02/01/2025,1/31/2025,000-005566,000-005582,,,0,0,1,2025
2.40309E+16,BALOY,SHOC+,02/01/2025,1/31/2025,000-001936,000-001941,"5,926,889.40","5,946,173.60","19,284.20","17,218.04",1,2025
2.40219E+16,BALOY,SELECT,1/31/2025,1/30/2025,000-090969,000-091207,"25,108,144.19","25,173,551.19","65,407.00","58,399.11",1,2025
2.40219E+16,BALOY,FUEL,1/31/2025,1/30/2025,000-221032,000-221683,"312,153,680.77","313,146,201.22","992,520.45","886,178.97",1,2025
2.40219E+16,BALOY,FUEL,1/31/2025,1/30/2025,000-005557,000-005565,,,0,0,1,2025
2.40219E+16,BALOY,FUEL,01/01/2025,12/31/2024,000-201712,000-202533,"285,998,262.58","286,604,902.81","606,640.23","541,643.06",12,2024
2.40219E+16,BALOY,FUEL,01/01/2025,12/31/2024,000-005153,000-005156,,,0,0,12,2024
2.40219E+16,BALOY,SELECT,01/01/2025,12/31/2024,000-083817,000-083985,"23,057,890.19","23,114,006.19","56,116.00","50,103.57",12,2024
2.40219E+16,BALOY,FUEL,04/01/2025,3/31/2025,000-259433,000-260108,"364,371,774.12","365,359,005.82","987,231.70","881,456.87",3,2025
2.40219E+16,BALOY,FUEL,04/01/2025,3/31/2025,000-006273,000-006277,,,0,0,3,2025
2.40219E+16,BALOY,SELECT,04/01/2025,3/31/2025,000-105206,000-105468,"29,061,536.08","29,132,031.08","70,495.00","62,941.96",3,2025
2.40309E+16,BALOY,SHOC+,04/01/2025,3/31/2025,000-002477,000-002488,"7,112,341.60","7,137,370.60","25,029.00","22,347.32",3,2025
2.40309E+16,BALOY,SHOC+,03/01/2025,2/28/2025,000-002233,000-002246,"6,506,790.40","6,524,703.20","17,912.80","15,993.57",2,2025
2.40309E+16,BALOY,SHOC+,02/01/2025,1/31/2025,000-001936,000-001941,"5,926,889.40","5,946,173.60","19,284.20","17,218.04",1,2025
2.40219E+16,BALOY,SELECT,02/04/2025,02/03/2025,000-091996,000-092244,"25,404,697.19",,#VALUE!,#VALUE!,2,2025
2.40219E+16,BALOY,FUEL/FORECOURT,02/04/2025,02/03/2025,000-223667,000-224319,"315,740,866.94","316,622,416.13","881,549.19","787,097.49",2,2025
2.40219E+16,BALOY,FUEL/FORECOURT,02/04/2025,02/03/2025,000-005613,000-005631,,,0,0,2,2025
2.40219E+16,BALOY,FUEL/FORECOURT,02/03/2025,02/02/2025,000-223075,000-223666,"314,983,075.98","315,740,866.94","757,790.96","676,599.07",2,2025
2.40219E+16,BALOY,FUEL/FORECOURT,02/03/2025,02/02/2025,000-005603,000-005612,,,0,0,2,2025
2.40219E+16,BALOY,SELECT,02/03/2025,02/02/2025,000-091763,000-091997,"25,333,687.19","25,404,697.19","71,010.00","63,401.79",2,2025
2.40219E+16,BALOY,FUEL/FORECOURT,02/05/2025,02/04/2025,000-224320,000-224913,"316,622,416.13","317,550,736.57","928,320.44","828,857.54",2,2025
2.40219E+16,BALOY,FUEL/FORECOURT,02/05/2025,02/04/2025,000-005632,000-005641,,,0,0,2,2025
2.40219E+16,BALOY,SELECT,02/05/2025,02/04/2025,000-092245,000-092468,"25,466,183.19","25,518,739.19","52,556.00","46,925.00",2,2025
2.40219E+16,BALOY,FUEL/FORECOURT,02/06/2025,02/05/2025,000-224914,000-225563,"317,550,736.57","318,549,892.97","999,156.40","892,103.93",2,2025
2.40219E+16,BALOY,FUEL/FORECOURT,02/06/2025,02/05/2025,000-005642,000-005658,,,0,0,2,2025
2.40219E+16,BALOY,SELECT,02/06/2025,02/05/2025,000-092469,000-092696,"25,518,739.19","25,577,807.19","59,068.00","52,739.29",2,2025
2.40219E+16,BALOY,SELECT,02/07/2025,02/06/2025,000-092697,000-092905,"25,577,807.19","25,633,018.19","55,211.00","49,295.54",2,2025
2.40219E+16,BALOY,FUEL/FORECOURT,02/07/2025,02/06/2025,000-225564,000-226161,"318,549,892.97","319,417,581.43","867,688.46","774,721.84",2,2025
2.40219E+16,BALOY,FUEL/FORECOURT,02/07/2025,02/06/2025,000-005659,000-005677,,,0,0,2,2025
2.40219E+16,BALOY,FUEL/FORECOURT,02/08/2025,02/07/2025,000-226162,000-226849,"319,417,581.43","320,339,718.64","922,137.21","823,336.79",2,2025
2.40219E+16,BALOY,FUEL/FORECOURT,02/08/2025,02/07/2025,000-005678,000-005688,,,0,0,2,2025
2.40219E+16,BALOY,SELECT,02/07/2025,02/06/2025,000-092906,000-093128,"25,633,018.19","25,699,301.19","66,283.00","59,181.25",2,2025
2.40219E+16,BALOY,FUEL/FORECOURT,02/08/2025,02/07/2025,000-226162,000-226849,"319,417,581.43","320,339,718.64","922,137.21","823,336.79",2,2025
2.40219E+16,BALOY,FUEL/FORECOURT,02/08/2025,02/07/2025,000-005678,000-005688,,,0,0,2,2025
2.40219E+16,BALOY,SELECT,02/08/2025,02/07/2025,000-092906,000-093128,"25,633,018.19","25,699,301.19","66,283.00","59,181.25",2,2025
2.40219E+16,BALOY,SELECT,02/09/2025,02/08/2025,000-093129,000-093440,"25,699,301.19","25,780,476.19","81,175.00","72,477.68",2,2025
2.40219E+16,BALOY,FUEL/FORECOURT,02/09/2025,02/08/2025,000-226850,000-227573,"320,339,718.64","321,242,973.07","903,254.43","806,477.17",2,2025
2.40219E+16,BALOY,FUEL/FORECOURT,02/09/2025,02/08/2025,000-005689,000-005701,,,0,0,2,2025
2.40219E+16,BALOY,FUEL/FORECOURT,02/11/2025,02/09/2025,000-227574,000-228921,"321,242,973.07","322,887,538.06","1,644,564.99","1,468,361.60",2,2025
2.40219E+16,BALOY,FUEL/FORECOURT,02/11/2025,02/09/2025,000-005702,000-005721,,,0,0,2,2025
2.40219E+16,BALOY,SELECT,02/11/2025,02/09/2025,000-093441,000-093892,"25,780,476.19","25,904,419.19","123,943.00","110,663.39",2,2025
2.40219E+16,BALOY,SELECT,02/12/2025,02/11/2025,000-093893,000-094146,"25,904,419.19","25,982,869.19","78,450.00","70,044.64",2,2025
2.40219E+16,BALOY,FUEL/FORECOURT,02/12/2025,02/11/2025,000-228922,000-229582,"322,887,538.06","323,943,892.51","1,056,354.45","943,173.62",2,2025
2.40219E+16,BALOY,FUEL/FORECOURT,02/12/2025,02/11/2025,000-005722,000-005734,,,0,0,2,2025
2.40219E+16,BALOY,FUEL/FORECOURT,2/13/2025,02/12/2025,000-229583,000-230168,"323,943,892.51","324,729,042.81","785,150.30","701,027.05",2,2025
2.40219E+16,BALOY,FUEL/FORECOURT,2/13/2025,02/12/2025,000-005735,000-005743,,,0,0,2,2025
2.40219E+16,BALOY,SELECT,2/13/2025,02/12/2025,000-094147,000-094327,"25,982,869.19","26,035,845.19","52,976.00","47,300.00",2,2025
2.40219E+16,BALOY,FUEL/FORECOURT,2/14/2025,2/13/2025,000-230169,000-230793,"324,729,042.81","325,645,024.51","915,981.70","817,840.80",2,2025
2.40219E+16,BALOY,FUEL/FORECOURT,2/14/2025,2/13/2025,000-005744,000-005759,,,0,0,2,2025
2.40219E+16,BALOY,SELECT,2/14/2025,2/13/2025,000-094328,000-094559,"26,035,845.19","26,111,696.19","75,851.00","67,724.11",2,2025
2.40219E+16,BALOY,SELECT,2/15/2025,2/14/2025,000-094560,000-094875,"26,111,696.19","26,211,227.19","99,531.00","88,866.96",2,2025
2.40219E+16,BALOY,FUEL/FORECOURT,2/15/2025,2/14/2025,000-230794,000-231577,"325,645,024.51","326,627,841.37","982,816.86","877,515.05",2,2025
2.40219E+16,BALOY,FUEL/FORECOURT,2/15/2025,2/14/2025,000-005760,000-005767,,,0,0,2,2025
2.40219E+16,BALOY,SELECT,2/16/2025,2/15/2025,000-094876,000-095166,"26,211,227.19","26,298,984.19","87,757.00","78,354.46",2,2025
2.40219E+16,BALOY,FUEL/FORECOURT,2/16/2025,2/15/2025,000-231578,000-232336,"326,627,841.37","327,599,090.94","971,249.57","867,187.12",2,2025
2.40219E+16,BALOY,FUEL/FORECOURT,2/16/2025,2/15/2025,000-005768,000-005778,,,0,0,2,2025
2.40219E+16,BALOY,FUEL/FORECOURT,2/17/2025,2/16/2025,000-232337,000-232954,"325,990,090.94","328,249,078.70","2,258,987.76","2,016,953.36",2,2025
2.40219E+16,BALOY,FUEL/FORECOURT,2/17/2025,2/16/2025,000-005779,000-005788,,,0,0,2,2025
2.40219E+16,BALOY,SELECT,2/17/2025,2/16/2025,000-095167,000-095381,"26,298,984.19","26,362,384.19","63,400.00","56,607.14",2,2025
2.40219E+16,BALOY,FUEL/FORECOURT,2/18/2025,2/17/2025,000-232955,000-233859,"328,249,078.70","329,580,613.00","1,331,534.30","1,188,869.91",2,2025
2.40219E+16,BALOY,FUEL/FORECOURT,2/18/2025,2/17/2025,000-005789,000-005803,,,0,0,2,2025
2.40219E+16,BALOY,SELECT,2/18/2025,2/17/2025,000-095382,000-095638,"26,362,384.19","26,440,165.19","77,781.00","69,447.32",2,2025
2.40219E+16,BALOY,SELECT,2/19/2025,2/18/2025,000-095639,000-095794,"26,440,165.19","26,488,420.19","48,255.00","43,084.82",2,2025
2.40219E+16,BALOY,FUEL/FORECOURT,2/19/2025,2/18/2025,000-233860,000-234215,"329,580,613.00","330,072,970.17","492,357.17","439,604.62",2,2025
2.40219E+16,BALOY,FUEL/FORECOURT,2/19/2025,2/18/2025,000-005804,000-005806,,,0,0,2,2025
2.40219E+16,BALOY,FUEL/FORECOURT,2/20/2025,2/19/2025,000-234216,000-234811,"330,072,970.17","331,042,580.53","969,610.36","865,723.54",2,2025
2.40219E+16,BALOY,FUEL/FORECOURT,2/20/2025,2/19/2025,000-005807,000-005818,,,0,0,2,2025
2.40219E+16,BALOY,SELECT,2/20/2025,2/19/2025,000-095795,000-096018,"26,488,420.19","26,553,595.19","65,175.00","58,191.96",2,2025
2.40219E+16,BALOY,SELECT,2/21/2025,2/20/2025,000-096019,000-096219,"26,553,595.19","26,613,563.19","59,968.00","53,542.86",2,2025
2.40219E+16,BALOY,FUEL/FORECOURT,2/21/2025,2/20/2025,000-234812,000-235391,"331,042,580.53","332,026,826.99","984,246.46","878,791.48",2,2025
2.40219E+16,BALOY,FUEL/FORECOURT,2/21/2025,2/20/2025,000-005819,000-005826,,,0,0,2,2025
2.40219E+16,BALOY,FUEL/FORECOURT,2/22/2025,2/21/2025,000-235392,000-236094,"332,026,926.99","333,013,957.97","987,030.98","881,277.66",2,2025
2.40219E+16,BALOY,FUEL/FORECOURT,2/22/2025,2/21/2025,000-005827,000-005837,,,0,0,2,2025
2.40219E+16,BALOY,SELECT,2/22/2025,2/21/2025,000-096220,000-096470,"26,613,563.19","26,690,057.19","76,494.00","68,298.21",2,2025
2.40219E+16,BALOY,SELECT,2/23/2025,2/22/2025,000-096471,000-096783,"26,690,057.19","26,778,740.19","88,683.00","79,181.25",2,2025
2.40219E+16,BALOY,FUEL/FORECOURT,2/23/2025,2/22/2025,000-236095,000-236800,"333,013,957.97","333,889,926.99","875,969.02","782,115.20",2,2025
2.40219E+16,BALOY,FUEL/FORECOURT,2/23/2025,2/22/2025,000-005838,000-005849,,,0,0,2,2025
2.40219E+16,BALOY,FUEL/FORECOURT,2/25/2025,2/23/2025,000-236801,000-238027,"333,889,926.99","335,508,972.08","1,619,045.09","1,445,575.97",2,2025
2.40219E+16,BALOY,FUEL/FORECOURT,2/25/2025,2/23/2025,000-005850,000-005874,,,0,0,2,2025
2.40219E+16,BALOY,SELECT,2/25/2025,2/23/2025,000-063784,000-097204,"26,778,740.19","26,918,213.19","139,473.00","124,529.46",2,2025
2.40219E+16,BALOY,SELECT,2/24/2025,2/23/2025,000-096784,000-097007,"26,778,740.19","26,847,334.19","68,594.00","61,244.64",2,2025
2.40219E+16,BALOY,FUEL/FORECOURT,2/24/2025,2/23/2025,000-236801,000-237437,"333,889,926.99","334,726,154.16","836,227.17","746,631.40",2,2025
2.40219E+16,BALOY,FUEL/FORECOURT,2/24/2025,2/23/2025,000-005850,000-005866,,,0,0,2,2025
2.40219E+16,BALOY,SELECT,2/26/2025,2/25/2025,000-097205,000-097412,"26,918,213.19","26,975,396.54","57,183.35","51,056.56",2,2025
2.40219E+16,BALOY,FUEL/FORECOURT,2/26/2025,2/25/2025,000-238028,000-238612,"335,508,972.08","336,378,186.32","869,214.24","776,084.14",2,2025
2.40219E+16,BALOY,FUEL/FORECOURT,2/26/2025,2/25/2025,000-005875,000-005890,,,0,0,2,2025
2.40219E+16,BALOY,FUEL/FORECOURT,2/27/2025,2/26/2025,000-238613,000-239205,"336,378,186.32","337,188,310.13","810,123.81","723,324.83",2,2025
2.40219E+16,BALOY,FUEL/FORECOURT,2/27/2025,2/26/2025,000-005891,000-005907,,,0,0,2,2025
2.40219E+16,BALOY,SELECT,2/27/2025,2/26/2025,000-097413,000-097641,"26,975,396.54","27,037,732.54","62,336.00","55,657.14",2,2025
2.40219E+16,BALOY,FUEL/FORECOURT,2/28/2025,2/27/2025,000-239206,000-239862,"337,188,310.13","338,224,421.77","1,036,111.64","925,099.68",2,2025
2.40219E+16,BALOY,FUEL/FORECOURT,2/28/2025,2/27/2025,000-005908,000-005923,,,0,0,2,2025
2.40219E+16,BALOY,SELECT,2/28/2025,2/27/2025,000-097642,000-097866,"27,037,732.54","27,096,013.54","58,281.00","52,036.61",2,2025
2.40219E+16,BALOY,SELECT,03/01/2025,2/28/2025,000-097867,000-098172,,,0,0,2,2025
2.40219E+16,BALOY,FUEL/FORECOURT,03/01/2025,2/28/2025,000-239863,000-240598,"338,224,421.77","339,267,018.21","1,042,596.44","930,889.68",2,2025
2.40219E+16,BALOY,FUEL/FORECOURT,03/01/2025,2/28/2025,000-005924,000-005932,,,0,0,2,2025
2.40219E+16,BALOY,FUEL/FORECOURT,04/01/2025,3/31/2025,000-259433,000-260108,"364,371,774.12","365,359,005.82",,,,
2.40219E+16,BALOY,FUEL/FORECOURT,04/01/2025,3/31/2025,000-006273,000-006277,,,,,,
2.40219E+16,BALOY,SELECT,04/01/2025,3/31/2025,000-105206,000-105468,"29,061,536.08","29,132,031.08",,,,
2.40219E+16,BALOY,FUEL/FORECOURT,04/02/2025,04/01/2025,000-260109,000-260740,"365,359,005.82","366,216,150.98",,,,
2.40219E+16,BALOY,FUEL/FORECOURT,04/02/2025,04/01/2025,000-006278,000-005284,,,0,0,4,2025
2.40219E+16,BALOY,SELECT,04/02/2025,04/01/2025,000-105469,000-105690,"29,132,031.08","29,193,187.08","61,156.00","54,603.57",4,2025
2.40219E+16,BALOY,FUEL/FORECOURT,04/03/2025,04/02/2025,000-260741,000-261298,"336,216,150.98","367,003,999.71","30,787,848.73","27,489,150.65",4,2025
2.40219E+16,BALOY,FUEL/FORECOURT,04/03/2025,04/02/2025,000-006285,000-006297,,,0,0,4,2025
2.40219E+16,BALOY,SELECT,04/03/2025,04/02/2025,000-105691,000-105857,"29,193,187.08","29,245,886.08","52,699.00","47,052.68",4,2025
2.40219E+16,BALOY,SELECT,04/03/2025,04/03/2025,000-105858,000-105859,"29,245,886.08","29,246,291.08",405,361.61,4,2025
2.40219E+16,BALOY,FUEL/FORECOURT,04/03/2025,04/03/2025,000-261299,000-261308,"367,003,999.71","367,019,756.19","15,756.48","14,068.29",4,2025
2.40219E+16,BALOY,FUEL/FORECOURT,04/04/2025,04/04/2025,000-261309,000-261947,"367,019,756.19","367,973,656.43","953,900.24","851,696.64",4,2025
2.40219E+16,BALOY,FUEL/FORECOURT,04/04/2025,04/03/2025,000-006298,000-006307,,,0,0,4,2025
2.40219E+16,BALOY,SELECT,04/04/2025,04/03/2025,000-105860,000-106112,"29,246,291.08","29,319,629.11","73,338.03","65,480.38",4,2025
2.40219E+16,BALOY,FUEL/FORECOURT,04/05/2025,04/04/2025,000-261948,000-262650,"367,973,656.43","368,951,183.66","977,527.23","872,792.17",4,2025
2.40219E+16,BALOY,FUEL/FORECOURT,04/05/2025,04/04/2025,000-006308,000-006318,,,0,0,4,2025
2.40219E+16,BALOY,SELECT,04/05/2025,04/04/2025,000-106113,000-106376,"29,319,629.11","29,394,226.11","74,597.00","66,604.46",4,2025
2.40219E+16,BALOY,FUEL/FORECOURT,04/06/2025,04/05/2025,000-262646,000-263423,"368,951,183.66","39,914,786.76","-329,036,396.90","-293,782,497.23",4,2025
2.40219E+16,BALOY,FUEL/FORECOURT,04/06/2025,04/05/2025,000-006319,000-006327,,,0,0,4,2025
2.40219E+16,BALOY,SELECT,04/06/2025,04/05/2025,000-106377,000-106684,"29,394,225.11","29,471,652.11","77,427.00","69,131.25",4,2025
2.40219E+16,BALOY,FUEL/FORECOURT,04/07/2025,04/06/2025,000-263424,000-264042,"369,914,786.76","370,660,494.60","745,707.84","665,810.57",4,2025
2.40219E+16,BALOY,FUEL/FORECOURT,04/07/2025,04/06/2025,000-006328,000-006339,,,0,0,4,2025
2.40219E+16,BALOY,SELECT,04/07/2025,04/06/2025,000-106685,000-106949,"29,471,652.11","29,540,707.11","69,055.00","61,656.25",4,2025
2.40219E+16,BALOY,SELECT,04/08/2025,04/07/2025,000-106950,000-107154,"29,540,707.11","29,590,343.11","49,636.00","44,317.86",4,2025
2.40219E+16,BALOY,FUEL/FORECOURT,04/08/2025,04/07/2025,000-264047,000-264672,"370,666,479.80","371,466,168.03","799,688.23","714,007.35",4,2025
2.40219E+16,BALOY,FUEL/FORECOURT,04/08/2025,04/07/2025,000-006340,000-006354,,,0,0,4,2025
2.40219E+16,BALOY,FUEL/FORECOURT,04/09/2025,04/08/2025,000-264673,000-265344,"371,466,168.03","372,478,124.32","1,011,956.29","903,532.40",4,2025
2.40219E+16,BALOY,FUEL/FORECOURT,04/09/2025,04/08/2025,000-006355,000-006366,,,0,0,4,2025
2.40219E+16,BALOY,SELECT,04/09/2025,04/08/2025,000-107155,000-107401,"29,590,343.11","29,649,958.11","59,615.00","53,227.68",4,2025
2.40219E+16,BALOY,SELECT,04/10/2025,04/09/2025,000-107402,000-107631,"29,649,958.11","29,712,600.22","62,642.11","55,930.46",4,2025
2.40219E+16,BALOY,FUEL/FORECOURT,04/10/2025,04/09/2025,000-265345,000-265973,"372,478,124.32","373,374,469.92","896,345.60","800,308.57",4,2025
2.40219E+16,BALOY,FUEL/FORECOURT,04/10/2025,04/09/2025,000-006367,000-006378,,,0,0,4,2025
2.40219E+16,BALOY,FUEL/FORECOURT,04/11/2025,04/10/2025,000-265974,000-266593,"373,374,469.92","374,389,970.81","1,015,500.89","906,697.22",4,2025
2.40219E+16,BALOY,FUEL/FORECOURT,04/11/2025,04/10/2025,000-006379,000-006386,,,0,0,4,2025
2.40219E+16,BALOY,SELECT,04/11/2025,04/10/2025,000-107632,000-107837,"29,712,600.22","29,777,645.22","65,045.00","58,075.89",4,2025
2.40219E+16,BALOY,FUEL/FORECOURT,04/12/2025,04/11/2025,000-266594,000-267329,"374,389,970.81","375,307,499.46","917,528.65","819,222.01",4,2025
2.40219E+16,BALOY,FUEL/FORECOURT,04/12/2025,04/11/2025,000-006387,000-006398,,,0,0,4,2025
2.40219E+16,BALOY,SELECT,04/12/2025,04/11/2025,000-107838,000-108101,"29,777,645.22","29,865,640.22","87,995.00","78,566.96",4,2025
2.40219E+16,BALOY,FUEL/FORECOURT,4/13/2025,04/12/2025,000-267330,000-268127,"375,307,499.46","376,307,581.79","1,000,082.33","892,930.65",4,2025
2.40219E+16,BALOY,FUEL/FORECOURT,4/13/2025,04/12/2025,000-006399,000-006410,,,0,0,4,2025
2.40219E+16,BALOY,SELECT,4/13/2025,04/12/2025,000-108102,000-108376,"29,865,640.22","29,940,908.22","75,268.00","67,203.57",4,2025
2.40219E+16,BALOY,FUEL/FORECOURT,4/14/2025,4/13/2025,000-268128,000-268807,"376,307,581.79","377,067,879.01","760,297.22","678,836.80",4,2025
2.40219E+16,BALOY,FUEL/FORECOURT,4/14/2025,4/13/2025,000-006411,000-006423,,,0,0,4,2025
2.40219E+16,BALOY,SELECT,4/14/2025,4/13/2025,000-108377,000-108627,"29,940,908.22","30,023,466.22","82,558.00","73,712.50",4,2025
2.40219E+16,BALOY,FUEL/FORECOURT,4/15/2025,4/14/2025,000-268808,000-269470,"377,067,879.01","378,012,913.58","945,034.57","843,780.87",4,2025
2.40219E+16,BALOY,FUEL/FORECOURT,4/15/2025,4/14/2025,000-006424,000-006432,,,0,0,4,2025
2.40219E+16,BALOY,SELECT,4/15/2025,4/14/2025,000-108628,000-108853,"30,023,466.22","30,102,384.22","78,918.00","70,462.50",4,2025
2.40219E+16,BALOY,FUEL/FORECOURT,4/16/2025,4/15/2025,000-269471,000-270218,"378,012,913.58","379,109,737.00","1,096,823.42","979,306.63",4,2025
2.40219E+16,BALOY,FUEL/FORECOURT,4/16/2025,4/15/2025,000-006433,000-006453,,,0,0,4,2025
2.40219E+16,BALOY,SELECT,4/16/2025,4/15/2025,000-108854,000-109114,"30,102,384.22","30,189,541.22","87,157.00","77,818.75",4,2025
2.40219E+16,BALOY,FUEL/FORECOURT,4/17/2025,4/16/2025,000-270219,000-271063,"379,109,737.00","380,243,107.99","1,133,370.99","1,011,938.38",4,2025
2.40219E+16,BALOY,FUEL/FORECOURT,4/17/2025,4/16/2025,000-006454,000-006468,,,0,0,4,2025
2.40219E+16,BALOY,SELECT,4/17/2025,4/16/2025,000-109115,000-109466,"30,189,541.22","30,308,372.22","118,831.00","106,099.11",4,2025
2.40219E+16,BALOY,FUEL/FORECOURT,4/18/2025,4/17/2025,000-271064,000-271814,"380,243,107.99","380,961,017.00","717,909.01","640,990.19",4,2025
2.40219E+16,BALOY,FUEL/FORECOURT,4/18/2025,4/17/2025,000-006469,000-006481,,,0,0,4,2025
2.40219E+16,BALOY,SELECT,4/18/2025,4/17/2025,000-109467,000-109782,"30,308,372.22","30,437,377.22","129,005.00","115,183.04",4,2025
2.40219E+16,BALOY,FUEL/FORECOURT,4/19/2025,4/18/2025,000-271815,000-272592,"380,961,017.00","381,539,880.66","578,863.66","516,842.55",4,2025
2.40219E+16,BALOY,FUEL/FORECOURT,4/19/2025,4/18/2025,000-006482,000-006493,,,0,0,4,2025
2.40219E+16,BALOY,SELECT,4/19/2025,4/18/2025,000-109783,000-110071,"30,437,377.22","30,553,086.22","115,709.00","103,311.61",4,2025
2.40219E+16,BALOY,FUEL/FORECOURT,4/20/2025,4/19/2025,000-272593,000-273178,"381,539,880.66","382,242,335.70","702,455.04","627,192.00",4,2025
2.40219E+16,BALOY,FUEL/FORECOURT,4/20/2025,4/19/2025,000-006494,000-006505,,,0,0,4,2025
2.40219E+16,BALOY,SELECT,4/20/2025,4/19/2025,000-110072,000-110347,"30,553,086.22","30,653,429.22","100,343.00","89,591.96",4,2025
2.40219E+16,BALOY,FUEL/FORECOURT,4/21/2025,4/20/2025,000-273179,000-273864,"382,242,335.70","383,079,266.95","836,931.25","747,260.04",4,2025
2.40219E+16,BALOY,FUEL/FORECOURT,4/21/2025,4/20/2025,000-006506,000-006522,,,0,0,4,2025
2.40219E+16,BALOY,SELECT,4/21/2025,4/20/2025,000-110348,000-110604,"30,653,429.22","30,746,661.22","93,232.00","83,242.86",4,2025
2.40219E+16,BALOY,FUEL/FORECOURT,4/22/2025,4/21/2025,000-273865,000-274599,"383,079,266.95","384,214,890.60","1,135,623.65","1,013,949.69",4,2025
2.40219E+16,BALOY,FUEL/FORECOURT,4/22/2025,4/21/2025,000-006523,000-006542,,,0,0,4,2025
2.40219E+16,BALOY,SELECT,4/22/2025,4/21/2025,000-110605,000-110866,"30,746,661.22","30,820,062.22","73,401.00","65,536.61",4,2025
2.40219E+16,BALOY,FUEL/FORECOURT,4/23/2025,4/22/2025,000-274600,000-275231,"384,214,890.60","385,103,358.77","888,468.17","793,275.15",4,2025
2.40219E+16,BALOY,FUEL/FORECOURT,4/23/2025,4/22/2025,000-006543,000-006553,,,0,0,4,2025
2.40219E+16,BALOY,SELECT,4/23/2025,4/22/2025,000-110867,000-111096,"30,820,062.22","30,889,046.22","68,984.00","61,592.86",4,2025
2.40219E+16,BALOY,FUEL/FORECOURT,4/24/2025,4/23/2025,000-275232,000-275831,"385,103,358.77","385,983,560.06","880,201.29","785,894.01",4,2025
2.40219E+16,BALOY,FUEL/FORECOURT,4/24/2025,4/23/2025,000-006554,000-006570,,,0,0,4,2025
2.40219E+16,BALOY,SELECT,4/24/2025,4/23/2025,000-111097,000-111363,"30,889,046.22","30,959,948.22","70,902.00","63,305.36",4,2025
2.40219E+16,BALOY,FUEL/FORECOURT,4/25/2025,4/24/2025,000-275832,000-276477,"385,983,560.06","38,811,376.22","-347,172,183.84","-309,975,164.14",4,2025
2.40219E+16,BALOY,FUEL/FORECOURT,4/25/2025,4/24/2025,000-006571,000-006584,,,0,0,4,2025
2.40219E+16,BALOY,SELECT,4/25/2025,4/24/2025,000-111364,000-111616,"30,959,948.22","31,025,335.22","65,387.00","58,381.25",4,2025
2.40219E+16,BALOY,FUEL/FORECOURT,3/31/2025,3/30/2025,000-258862,000-259432,"363,696,860.31","364,371,774.12","674,913.81","602,601.62",3,2025
2.40219E+16,BALOY,FUEL/FORECOURT,3/31/2025,3/30/2025,000-006270,000-006272,,,0,0,3,2025
2.40219E+16,BALOY,SELECT,3/31/2025,3/30/2025,000-104966,000-105205,"28,993,174.08","29,061,536.08","68,362.00","61,037.50",3,2025
2.40219E+16,BALOY,FUEL/FORECOURT,03/02/2025,03/01/2025,000-240599,000-241318,"339,267,018.21","340,152,767.40","885,749.19","790,847.49",3,2025
2.40219E+16,BALOY,FUEL/FORECOURT,03/02/2025,03/01/2025,000-005933,000-005943,,,0,0,3,2025
2.40219E+16,BALOY,SELECT,03/02/2025,03/01/2025,000-098173,000-009452,"27,178,424.54","27,262,412.54","83,988.00","74,989.29",3,2025
2.40219E+16,BALOY,FUEL/FORECOURT,03/03/2025,03/02/2025,000-241319,000-241939,"340,152,767.40","340,858,382.93","705,615.53","630,013.87",3,2025
2.40219E+16,BALOY,FUEL/FORECOURT,03/03/2025,03/02/2025,000-005944,000-005952,,,0,0,3,2025
2.40219E+16,BALOY,SELECT,03/03/2025,03/02/2025,000-009453,000-098693,"27,262,412.54","27,324,548.54","62,136.00","55,478.57",3,2025
2.40219E+16,BALOY,FUEL/FORECOURT,03/04/2025,03/03/2025,000-241940,000-242542,"340,858,382.93","341,687,757.59","829,374.66","740,513.09",3,2025
2.40219E+16,BALOY,FUEL/FORECOURT,03/04/2025,03/03/2025,000-005953,000-005963,,,0,0,3,2025
2.40219E+16,BALOY,SELECT,03/04/2025,03/03/2025,000-098694,000-098878,"27,324,548.54","27,378,424.54","53,876.00","48,103.57",3,2025
2.40219E+16,BALOY,FUEL/FORECOURT,03/05/2025,03/04/2025,000-242543,000-243137,"341,687,757.59","342,545,242.29","857,484.70","765,611.34",3,2025
2.40219E+16,BALOY,FUEL/FORECOURT,03/05/2025,03/04/2025,000-005964,000-005969,,,0,0,3,2025
2.40219E+16,BALOY,SELECT,03/05/2025,03/04/2025,000-098879,000-099103,"27,378,424.54","27,432,291.54","53,867.00","48,095.54",3,2025
2.40219E+16,BALOY,FUEL/FORECOURT,03/06/2025,03/05/2025,000-243138,000-244358,"342,545,242.29","344,349,136.41","1,803,894.12","1,610,619.75",3,2025
2.40219E+16,BALOY,FUEL/FORECOURT,03/06/2025,03/05/2025,000-005970,000-005985,,,0,0,3,2025
2.40219E+16,BALOY,SELECT,03/06/2025,03/05/2025,000-099104,000-099524,"27,432,291.54","27,541,022.54","108,731.00","97,081.25",3,2025
2.40219E+16,BALOY,FUEL/FORECOURT,03/08/2025,03/07/2025,000-244359,000-244989,"344,349,136.41","345,279,655.83","930,519.42","830,820.91",3,2025
2.40219E+16,BALOY,FUEL/FORECOURT,03/08/2025,03/07/2025,000-005986,000-005996,,,0,0,3,2025
2.40219E+16,BALOY,SELECT,03/08/2025,03/07/2025,000-099525,000-099818,"27,541,022.54","27,614,563.54","73,541.00","65,661.61",3,2025
2.40219E+16,BALOY,FUEL/FORECOURT,03/09/2025,03/08/2025,000-244990,000-245697,"345,279,655.83","346,145,680.85","866,025.02","773,236.63",3,2025
2.40219E+16,BALOY,FUEL/FORECOURT,03/09/2025,03/08/2025,000-005997,000-006017,,,0,0,3,2025
2.40219E+16,BALOY,SELECT,03/09/2025,03/08/2025,000-099819,000-100131,"27,614,563.54","27,704,407.54","89,844.00","80,217.86",3,2025
2.40219E+16,BALOY,FUEL/FORECOURT,03/10/2025,03/09/2025,000-245698,000-246255,"346,145,680.85","346,787,772.00","642,091.15","573,295.67",3,2025
2.40219E+16,BALOY,FUEL/FORECOURT,03/10/2025,03/09/2025,000-006018,000-006037,,,0,0,3,2025
2.40219E+16,BALOY,SELECT,03/10/2025,03/09/2025,000-100132,000-100376,"27,704,407.54","27,765,311.54","60,904.00","54,378.57",3,2025
2.40219E+16,BALOY,FUEL/FORECOURT,03/11/2025,03/10/2025,000-246256,000-246661,"346,787,772.00","347,652,356.48","864,584.48","771,950.43",3,2025
2.40219E+16,BALOY,FUEL/FORECOURT,03/11/2025,03/10/2025,000-006038,000-006056,,,0,0,3,2025
2.40219E+16,BALOY,SELECT,03/11/2025,03/10/2025,000-100377,000-100586,"27,765,311.54","27,816,509.54","51,198.00","45,712.50",3,2025
2.40219E+16,BALOY,FUEL/FORECOURT,03/12/2025,03/11/2025,000-246662,000-247431,"347,652,356.48","348,464,372.93","812,016.45","725,014.69",3,2025
2.40219E+16,BALOY,FUEL/FORECOURT,03/12/2025,03/11/2025,000-006057,000-006068,,,0,0,3,2025
2.40219E+16,BALOY,SELECT,03/12/2025,03/11/2025,000-100587,000-100802,"27,816,509.54","27,868,387.54","51,878.00","46,319.64",3,2025
2.40219E+16,BALOY,FUEL/FORECOURT,3/13/2025,03/12/2025,000-247432,000-248039,"348,464,372.93","349,236,565.75","772,192.82","689,457.87",3,2025
2.40219E+16,BALOY,FUEL/FORECOURT,3/13/2025,03/12/2025,000-006069,000-006078,,,0,0,3,2025
2.40219E+16,BALOY,SELECT,3/13/2025,03/12/2025,000-100803,000-101012,"27,868,387.54","27,926,808.08","58,420.54","52,161.20",3,2025
2.40219E+16,BALOY,FUEL/FORECOURT,3/14/2025,3/13/2025,000-248040,000-248615,"349,236,565.75","350,034,860.08","798,294.33","712,762.79",3,2025
2.40219E+16,BALOY,FUEL/FORECOURT,3/14/2025,3/13/2025,000-006079,000-006086,,,0,0,3,2025
2.40219E+16,BALOY,SELECT,3/14/2025,3/13/2025,000-101013,000-101168,"27,926,808.08","27,975,418.08","48,610.00","43,401.79",3,2025
2.40219E+16,BALOY,FUEL/FORECOURT,3/15/2025,3/14/2025,000-248616,000-249274,"350,034,860.08","350,931,737.76","896,877.68","800,783.64",3,2025
2.40219E+16,BALOY,FUEL/FORECOURT,3/15/2025,3/14/2025,000-006087,000-006099,,,0,0,3,2025
2.40219E+16,BALOY,SELECT,3/15/2025,3/14/2025,000-101169,000-101400,"27,975,418.08","28,034,502.08","59,084.00","52,753.57",3,2025
2.40219E+16,BALOY,FUEL/FORECOURT,3/17/2025,3/16/2025,000-250014,000-250562,"351,900,211.09","352,560,187.10","659,976.01","589,264.29",3,2025
2.40219E+16,BALOY,FUEL/FORECOURT,3/17/2025,3/16/2025,000-006113,000-006126,,,0,0,3,2025
2.40219E+16,BALOY,SELECT,3/17/2025,3/16/2025,000-101703,000-101967,"28,118,196.08","28,192,217.08","74,021.00","66,090.18",3,2025
2.40219E+16,BALOY,FUEL/FORECOURT,3/18/2025,3/17/2025,000-250563,000-251178,"352,560,187.10","353,431,491.15","871,304.05","777,950.04",3,2025
2.40219E+16,BALOY,FUEL/FORECOURT,3/18/2025,3/17/2025,000-006127,000-006131,,,0,0,3,2025
2.40219E+16,BALOY,SELECT,3/18/2025,3/17/2025,000-101968,000-102172,"28,192,217.08","282,422,646.08","254,230,429.00","226,991,454.46",3,2025
2.40219E+16,BALOY,FUEL/FORECOURT,3/19/2025,3/18/2025,000-251179,000-251767,"353,431,491.15","354,265,488.05","833,996.90","744,640.09",3,2025
2.40219E+16,BALOY,FUEL/FORECOURT,3/19/2025,3/18/2025,000-006132,000-006140,,,0,0,3,2025
2.40219E+16,BALOY,SELECT,3/19/2025,3/18/2025,000-102173,000-102378,"282,422,646.08","28,292,521.08","-254,130,125.00","-226,901,897.32",3,2025
2.40219E+16,BALOY,FUEL/FORECOURT,3/20/2025,3/19/2025,000-251768,000-252417,"354,265,488.05","355,107,553.66","842,065.61","751,844.29",3,2025
2.40219E+16,BALOY,FUEL/FORECOURT,3/20/2025,3/19/2025,000-006141,000-006154,,,0,0,3,2025
2.40219E+16,BALOY,SELECT,3/20/2025,3/19/2025,000-102379,000-102576,"28,292,521.08","28,340,449.08","47,928.00","42,792.86",3,2025
2.40219E+16,BALOY,FUEL/FORECOURT,3/21/2025,3/20/2025,000-252418,000-252976,"355,107,553.66","355,888,377.26","780,823.60","697,163.93",3,2025
2.40219E+16,BALOY,FUEL/FORECOURT,3/21/2025,3/20/2025,000-006155,000-006165,,,0,0,3,2025
2.40219E+16,BALOY,SELECT,3/21/2025,3/20/2025,000-102577,000-102787,"28,340,449.08","28,397,822.08","57,373.00","51,225.89",3,2025
2.40219E+16,BALOY,FUEL/FORECOURT,3/22/2025,3/21/2025,000-252977,000-253686,"355,888,377.26","356,828,263.05","939,885.79","839,183.74",3,2025
2.40219E+16,BALOY,FUEL/FORECOURT,3/22/2025,3/21/2025,000-006166,000-006174,,,0,0,3,2025
2.40219E+16,BALOY,SELECT,3/22/2025,3/21/2025,000-102788,000-103071,"28,397,822.08","28,481,981.08","84,159.00","75,141.96",3,2025
2.40219E+16,BALOY,FUEL/FORECOURT,3/23/2025,3/22/2025,000-253687,000-254346,"356,828,263.05","357,807,520.83","979,257.78","874,337.30",3,2025
2.40219E+16,BALOY,FUEL/FORECOURT,3/23/2025,3/22/2025,000-006175,000-006187,,,0,0,3,2025
2.40219E+16,BALOY,SELECT,3/23/2025,3/22/2025,000-103072,000-103336,"28,481,981.08","28,555,838.08","73,857.00","65,943.75",3,2025
2.40219E+16,BALOY,FUEL/FORECOURT,3/24/2025,3/23/2025,000-254347,000-254907,"357,807,520.83","358,441,726.03","634,205.20","566,254.64",3,2025
2.40219E+16,BALOY,FUEL/FORECOURT,3/24/2025,3/23/2025,000-006188,000-006196,,,0,0,3,2025
2.40219E+16,BALOY,SELECT,3/24/2025,3/23/2025,000-103337,000-010344,"28,555,838.08","28,617,327.08","61,489.00","54,900.89",3,2025
2.40219E+16,BALOY,FUEL/FORECOURT,3/25/2025,3/24/2025,000-254908,000-255585,"358,441,726.03","359,421,668.73","979,942.70","874,948.84",3,2025
2.40219E+16,BALOY,FUEL/FORECOURT,3/25/2025,3/24/2025,000-006197,000-006206,,,0,0,3,2025
2.40219E+16,BALOY,SELECT,3/25/2025,3/24/2025,000-010345,000-103745,"28,617,327.08","28,667,015.08","49,688.00","44,364.29",3,2025
2.40219E+16,BALOY,FUEL/FORECOURT,3/26/2025,3/25/2025,000-255586,000-256226,"359,421,668.73","360,342,823.42","921,154.69","822,459.54",3,2025
2.40219E+16,BALOY,FUEL/FORECOURT,3/26/2025,3/25/2025,000-006207,000-006216,,,0,0,3,2025
2.40219E+16,BALOY,SELECT,3/26/2025,3/25/2025,000-103746,000-103997,"28,667,015.08","28,727,292.08","60,277.00","53,818.75",3,2025
2.40219E+16,BALOY,FUEL/FORECOURT,3/27/2025,3/26/2025,000-256227,000-256818,"360,342,823.42","361,158,564.63","815,741.21","728,340.37",3,2025
2.40219E+16,BALOY,FUEL/FORECOURT,3/27/2025,3/26/2025,000-006217,000-006234,,,0,0,3,2025
2.40219E+16,BALOY,SELECT,3/27/2025,3/26/2025,000-103998,000-104211,"28,727,292.08","28,788,887.08","61,595.00","54,995.54",3,2025
2.40219E+16,BALOY,FUEL/FORECOURT,3/28/2025,3/27/2025,000-256819,000-257447,"361,158,564.63","361,995,835.48","837,270.85","747,563.26",3,2025
2.40219E+16,BALOY,FUEL/FORECOURT,3/28/2025,3/27/2025,000-006235,000-006247,,,0,0,3,2025
2.40219E+16,BALOY,SELECT,3/28/2025,3/27/2025,000-104212,000-104397,"28,788,887.08","28,843,181.08","54,294.00","48,476.79",3,2025
2.40219E+16,BALOY,FUEL/FORECOURT,3/29/2025,3/28/2025,000-257448,000-258096,"361,995,835.48","362,828,016.08","832,180.60","743,018.39",3,2025
2.40219E+16,BALOY,FUEL/FORECOURT,3/29/2025,3/28/2025,000-006248,000-006256,,,0,0,3,2025
2.40219E+16,BALOY,SELECT,3/29/2025,3/28/2025,000-104398,000-104649,"28,843,181.08","28,910,881.08","67,700.00","60,446.43",3,2025
2.40219E+16,BALOY,FUEL/FORECOURT,3/30/2025,3/29/2025,000-258097,000-258861,"362,828,016.08","363,696,860.31","868,844.23","775,753.78",3,2025
2.40219E+16,BALOY,FUEL/FORECOURT,3/30/2025,3/29/2025,000-006257,000-006269,,,0,0,3,2025
2.40219E+16,BALOY,SELECT,3/30/2025,3/29/2025,000-104650,000-104965,"28,910,881.08","28,993,174.08","82,293.00","73,475.89",3,2025
2.40219E+16,BALOY,FUEL/FORECOURT,3/31/2025,3/30/2025,000-258862,000-259432,,,0,0,3,2025
2.40219E+16,BALOY,FUEL/FORECOURT,3/31/2025,3/30/2025,000-006270,000-006272,,,0,0,3,2025
2.40219E+16,BALOY,SELECT,3/31/2025,3/30/2025,000-104966,000-105205,,,0,0,3,2025
2.40309E+16,BALOY,SHOC+,01/02/2025,01/01/2025,,,"5,267,035.30","5,267,035.30",0,0,1,2025
2.40309E+16,BALOY,SHOC+,01/03/2025,01/02/2025,000-001724,000-001731,"5,267,035.30","5,299,505.30","32,470.00","28,991.07",1,2025
2.40309E+16,BALOY,SHOC+,01/04/2025,01/03/2025,000-001732,000-001743,"5,299,505.30","5,355,649.60","56,144.30","50,128.84",1,2025
2.40309E+16,BALOY,SHOC+,01/05/2025,01/04/2025,000-001744,000-001751,"5,355,649.60","5,381,096.20","25,446.60","22,720.18",1,2025
2.40309E+16,BALOY,SHOC+,01/06/2025,01/05/2025,,,"5,381,096.20","5,381,096.20",0,0,1,2025
2.40309E+16,BALOY,SHOC+,01/07/2025,01/06/2025,000-001752,000-001759,"5,381,096.20","5,403,961.70","22,865.50","20,415.63",1,2025
2.40309E+16,BALOY,SHOC+,01/08/2025,01/07/2025,000-001760,000-001767,"5,403,961.70","5,427,557.10","23,595.40","21,067.32",1,2025
2.40309E+16,BALOY,SHOC+,01/09/2025,01/08/2025,000-001768,000-001777,"5,427,557.10","5,451,563.30","24,006.20","21,434.11",1,2025
2.40309E+16,BALOY,SHOC+,01/10/2025,01/09/2025,000-001778,000-001781,"5,451,563.30","5,466,293.90","14,730.60","13,152.32",1,2025
2.40309E+16,BALOY,SHOC+,01/11/2025,01/10/2025,000-001782,000-001790,"5,466,293.90","5,493,264.60","26,970.70","24,080.98",1,2025
2.40309E+16,BALOY,SHOC+,01/12/2025,01/11/2025,000-001791,000-001803,"5,493,264.60","5,528,595.40","35,330.80","31,545.36",1,2025
2.40309E+16,BALOY,SHOC+,1/13/2025,01/12/2025,,,"5,528,595.40","5,528,595.40",0,0,1,2025
2.40309E+16,BALOY,SHOC+,1/14/2025,1/13/2025,000-001804,000-001813,"5,528,595.40","5,558,975.80","30,380.40","27,125.36",1,2025
2.40309E+16,BALOY,SHOC+,1/15/2025,1/14/2025,000-001814,000-001820,"5,558,975.80","5,579,196.80","20,221.00","18,054.46",1,2025
2.40309E+16,BALOY,SHOC+,1/16/2025,1/15/2025,000-001821,000-001829,"5,579,196.80","5,602,004.70","22,807.90","20,364.20",1,2025
2.40309E+16,BALOY,SHOC+,1/17/2025,1/16/2025,000-001830,000-001836,"5,602,004.70","5,617,708.30","15,703.60","14,021.07",1,2025
2.40309E+16,BALOY,SHOC+,1/18/2025,1/17/2025,000-001837,000-001849,"5,617,708.30","5,656,074.10","38,365.80","34,255.18",1,2025
2.40309E+16,BALOY,SHOC+,1/19/2025,1/18/2025,000-001850,000-001857,"5,656,074.10","5,676,323.50","20,249.40","18,079.82",1,2025
2.40309E+16,BALOY,SHOC+,1/20/2025,1/19/2025,,,"5,676,323.50","5,676,323.50",0,0,1,2025
2.40309E+16,BALOY,SHOC+,1/21/2025,1/20/2025,000-001858,000-001863,"5,676,323.50","5,699,400.50","23,077.00","20,604.46",1,2025
2.40309E+16,BALOY,SHOC+,1/22/2025,1/21/2025,000-001864,000-001868,"5,699,400.50","5,717,542.60","18,142.10","16,198.30",1,2025
2.40309E+16,BALOY,SHOC+,1/23/2025,1/22/2025,000-001869,000-001874,"5,717,542.60","5,753,030.30","35,487.70","31,685.45",1,2025
2.40309E+16,BALOY,SHOC+,1/24/2025,1/23/2025,000-001875,000-001880,"5,753,030.30","5,772,009.90","18,979.60","16,946.07",1,2025
2.40309E+16,BALOY,SHOC+,1/25/2025,1/24/2025,000-001881,000-001886,"5,772,009.90","5,788,676.60","16,666.70","14,880.98",1,2025
2.40309E+16,BALOY,SHOC+,1/26/2025,1/25/2025,000-001887,000-001899,"5,788,676.60","5,823,220.20","34,543.60","30,842.50",1,2025
2.40309E+16,BALOY,SHOC+,1/27/2025,1/26/2025,,,"5,823,220.20","5,823,220.20",0,0,1,2025
2.40309E+16,BALOY,SHOC+,1/28/2025,1/27/2025,000-001900,000-001907,"5,823,220.20","5,845,663.30","22,443.10","20,038.48",1,2025
2.40309E+16,BALOY,SHOC+,1/29/2025,1/28/2025,000-001908,000-001916,"5,845,663.30","5,873,024.00","27,360.70","24,429.20",1,2025
2.40309E+16,BALOY,SHOC+,1/30/2025,1/29/2025,000-001917,000-001927,"5,873,024.00","5,900,620.20","27,596.20","24,639.46",1,2025
2.40309E+16,BALOY,SHOC+,1/31/2025,1/30/2025,000-001928,000-001935,"5,900,620.20","5,926,889.40","26,269.20","23,454.64",1,2025
2.40309E+16,BALOY,SHOC+,02/01/2025,1/31/2025,000-001936,000-001941,"5,926,889.40","5,946,173.60","19,284.20","17,218.04",1,2025
2.40309E+16,BALOY,SHOC+,02/02/2025,02/01/2025,000-001942,000-001950,"5,946,173.60","5,973,597.20","27,423.60","24,485.36",2,2025
2.40309E+16,BALOY,SHOC+,02/03/2025,02/02/2025,,,"5,973,597.20","5,973,597.20",0,0,2,2025
2.40309E+16,BALOY,SHOC+,02/04/2025,02/03/2025,000-001951,000-001957,"5,973,597.20","5,998,308.40","24,711.20","22,063.57",2,2025
2.40309E+16,BALOY,SHOC+,02/05/2025,02/04/2025,000-001958,000-001964,"5,998,308.40","6,024,333.30","26,024.90","23,236.52",2,2025
2.40309E+16,BALOY,SHOC+,02/06/2025,02/05/2025,000-001965,000-001975,"6,024,333.30","6,043,221.20","18,887.90","16,864.20",2,2025
2.40309E+16,BALOY,SHOC+,02/07/2025,02/06/2025,000-001976,000-001986,"6,043,221.20","6,058,549.90","15,328.70","13,686.34",2,2025
2.40309E+16,BALOY,SHOC+,02/08/2025,02/07/2025,000-001987,000-002000,"6,058,549.90","6,085,959.00","27,409.10","24,472.41",2,2025
2.40309E+16,BALOY,SHOC+,02/09/2025,02/08/2025,000-002001,000-002012,"6,085,959.00","6,107,182.30","21,223.30","18,949.37",2,2025
2.40309E+16,BALOY,SHOC+,02/10/2025,02/09/2025,,,"6,107,182.30","6,107,182.30",0,0,2,2025
2.40309E+16,BALOY,SHOC+,02/11/2025,02/10/2025,000-002013,000-002031,"6,107,182.30","6,139,200.70","32,018.40","28,587.86",2,2025
2.40309E+16,BALOY,SHOC+,02/12/2025,02/11/2025,000-002032,000-002043,"6,139,200.70","6,165,497.80","26,297.10","23,479.55",2,2025
2.40309E+16,BALOY,SHOC+,2/13/2025,02/12/2025,000-002044,000-002059,"6,165,497.80","6,202,159.50","36,661.70","32,733.66",2,2025
2.40309E+16,BALOY,SHOC+,2/14/2025,2/13/2025,000-002060,000-002068,"6,202,159.50","6,225,759.10","23,599.60","21,071.07",2,2025
2.40309E+16,BALOY,SHOC+,2/15/2025,2/14/2025,000-002069,000-002071,"6,225,759.10","6,239,719.10","13,960.00","12,464.29",2,2025
2.40309E+16,BALOY,SHOC+,2/16/2025,2/15/2025,000-002072,000-002086,"6,239,719.10","6,277,275.50","37,556.40","33,532.50",2,2025
2.40309E+16,BALOY,SHOC+,2/17/2025,2/16/2025,,,"6,277,275.50","6,277,275.50",0,0,2,2025
2.40309E+16,BALOY,SHOC+,2/18/2025,2/17/2025,000-002087,000-002115,"6,277,275.50","6,322,183.50","44,908.00","40,096.43",2,2025
2.40309E+16,BALOY,SHOC+,2/19/2025,2/18/2025,000-002116,000-002127,"6,322,183.50","6,346,765.10","24,581.60","21,947.86",2,2025
2.40309E+16,BALOY,SHOC+,2/20/2025,2/19/2025,000-002128,000-002142,"6,346,765.10","6,363,496.40","16,731.30","14,938.66",2,2025
2.40309E+16,BALOY,SHOC+,2/21/2025,2/20/2025,000-002143,000-002155,"6,363,496.40","6,391,751.50","28,255.10","25,227.77",2,2025
2.40309E+16,BALOY,SHOC+,2/22/2025,2/21/2025,000-002156,000-002167,"6,391,751.50","6,413,190.40","21,438.90","19,141.88",2,2025
2.40309E+16,BALOY,SHOC+,2/23/2025,2/22/2025,000-002168,000-002184,"6,413,190.40","6,434,136.60","20,946.20","18,701.96",2,2025
2.40309E+16,BALOY,SHOC+,2/24/2025,2/23/2025,,,"6,434,136.60","6,434,136.60",0,0,2,2025
2.40309E+16,BALOY,SHOC+,2/25/2025,2/24/2025,000-002185,000-002193,"6,434,136.60","6,450,512.00","16,375.40","14,620.89",2,2025
2.40309E+16,BALOY,SHOC+,2/26/2025,2/25/2025,000-002194,000-002209,"6,450,512.00","6,468,341.50","17,829.50","15,919.20",2,2025
2.40309E+16,BALOY,SHOC+,2/27/2025,2/26/2025,000-002210,000-002220,"6,468,341.50","6,484,706.80","16,365.30","14,611.87",2,2025
2.40309E+16,BALOY,SHOC+,2/28/2025,2/27/2025,000-002221,000-002232,"6,484,706.80","6,506,790.40","22,083.60","19,717.50",2,2025
2.40309E+16,BALOY,SHOC+,03/01/2025,2/28/2025,000-002233,000-002246,"6,506,790.40","6,524,703.20","17,912.80","15,993.57",2,2025
2.40309E+16,BALOY,SHOC+,03/02/2025,03/01/2025,000-002247,000-002262,"6,524,703.20","6,550,093.50","25,390.30","22,669.91",3,2025
2.40309E+16,BALOY,SHOC+,03/03/2025,03/02/2025,,,"6,550,093.50","6,550,093.50",0,0,3,2025
2.40309E+16,BALOY,SHOC+,03/04/2025,03/03/2025,000-002263,000-002279,"6,550,093.50","6,572,720.90","22,627.40","20,203.04",3,2025
2.40309E+16,BALOY,SHOC+,03/05/2025,03/04/2025,000-002280,000-002290,"6,572,720.90","6,599,729.90","27,009.00","24,115.18",3,2025
2.40309E+16,BALOY,SHOC+,03/06/2025,03/05/2025,,,"6,599,729.90","6,599,729.90",0,0,3,2025
2.40309E+16,BALOY,SHOC+,03/07/2025,03/06/2025,000-002291,000-002304,"6,599,729.90","6,626,778.80","27,048.90","24,150.80",3,2025
2.40309E+16,BALOY,SHOC+,03/08/2025,03/07/2025,000-002305,000-002317,"6,626,778.80","6,658,553.00","31,774.20","28,369.82",3,2025
2.40309E+16,BALOY,SHOC+,03/09/2025,03/08/2025,000-002318,000-002327,"6,658,553.00","6,679,862.00","21,309.00","19,025.89",3,2025
2.40309E+16,BALOY,SHOC+,03/10/2025,03/09/2025,,,"6,679,862.00","6,679,862.00",0,0,3,2025
2.40309E+16,BALOY,SHOC+,03/11/2025,03/10/2025,000-002328,000-002336,"6,679,862.00","6,700,677.20","20,815.20","18,585.00",3,2025
2.40309E+16,BALOY,SHOC+,03/12/2025,03/11/2025,000-002337,000-002345,"6,700,677.20","6,727,580.10","26,902.90","24,020.45",3,2025
2.40309E+16,BALOY,SHOC+,3/13/2025,03/12/2025,000-002346,000-002350,"6,727,580.10","6,739,164.80","11,584.70","10,343.48",3,2025
2.40309E+16,BALOY,SHOC+,3/14/2025,3/13/2025,000-002351,000-002356,"6,739,164.80","6,755,001.40","15,836.60","14,139.82",3,2025
2.40309E+16,BALOY,SHOC+,3/15/2025,3/14/2025,000-002357,000-002368,"6,755,001.40","6,783,000.60","27,999.20","24,999.29",3,2025
2.40309E+16,BALOY,SHOC+,3/16/2025,3/15/2025,000-002369,000-002377,"6,783,000.60","6,799,304.30","16,303.70","14,556.88",3,2025
2.40309E+16,BALOY,SHOC+,3/17/2025,3/16/2025,,,"6,799,304.30","6,799,304.30",0,0,3,2025
2.40309E+16,BALOY,SHOC+,3/18/2025,3/17/2025,000-002378,000-002386,"6,799,304.30","6,823,607.30","24,303.00","21,699.11",3,2025
2.40309E+16,BALOY,SHOC+,3/19/2025,3/18/2025,000-002387,000-002397,"6,823,607.30","6,853,212.50","29,605.20","26,433.21",3,2025
2.40309E+16,BALOY,SHOC+,3/20/2025,3/19/2025,000-002398,000-002408,"6,853,212.50","6,880,528.30","27,315.80","24,389.11",3,2025
2.40309E+16,BALOY,SHOC+,3/21/2025,3/20/2025,000-002409,000-002414,"6,880,528.30","6,907,879.90","27,351.60","24,421.07",3,2025
2.40309E+16,BALOY,SHOC+,3/22/2025,3/21/2025,000-002415,000-002420,"6,907,879.90","6,934,436.50","26,556.60","23,711.25",3,2025
2.40309E+16,BALOY,SHOC+,3/23/2025,3/22/2025,000-002421,000-002431,"6,934,436.50","6,960,646.00","26,209.50","23,401.34",3,2025
2.40309E+16,BALOY,SHOC+,3/24/2025,3/23/2025,,,"6,960,646.00","6,960,646.00",0,0,3,2025
2.40309E+16,BALOY,SHOC+,3/25/2025,3/24/2025,000-002432,000-002438,"6,960,646.00","6,986,230.50","25,584.50","22,843.30",3,2025
2.40309E+16,BALOY,SHOC+,3/26/2025,3/25/2025,000-002439,000-002448,"6,986,230.50","7,014,141.80","27,911.30","24,920.80",3,2025
2.40309E+16,BALOY,SHOC+,3/27/2025,3/26/2025,000-002449,000-002456,"7,014,141.80","7,038,793.50","24,651.70","22,010.45",3,2025
2.40309E+16,BALOY,SHOC+,3/28/2025,3/27/2025,000-002457,000-002460,"7,038,793.50","7,052,767.70","13,974.20","12,476.96",3,2025
2.40309E+16,BALOY,SHOC+,3/29/2025,3/28/2025,000-002461,000-002468,"7,052,767.70","7,083,880.70","31,113.00","27,779.46",3,2025
2.40309E+16,BALOY,SHOC+,3/30/2025,3/29/2025,000-002469,000-002476,"7,083,880.70","7,112,341.60","28,460.90","25,411.52",3,2025
2.40309E+16,BALOY,SHOC+,3/31/2025,3/30/2025,,,"7,112,341.60","7,112,341.60",0,0,3,2025
2.40309E+16,BALOY,SHOC+,04/01/2025,3/31/2025,000-002477,000-002488,"7,112,341.60","7,137,370.60","25,029.00","22,347.32",3,2025
2.40309E+16,BALOY,SHOC+,04/02/2025,04/01/2025,000-002489,000-002499,"7,137,370.60","7,181,060.10","43,689.50","39,008.48",4,2025
2.40309E+16,BALOY,SHOC+,04/03/2025,04/02/2025,000-002500,000-002511,"7,181,060.10","7,229,809.50","48,749.40","43,526.25",4,2025
2.40309E+16,BALOY,SHOC+,04/04/2025,04/03/2025,000-002512,000-002519,"7,229,809.50","7,270,640.30","40,830.80","36,456.07",4,2025
2.40309E+16,BALOY,SHOC+,04/05/2025,04/04/2025,000-002520,000-002530,"7,270,640.30","7,291,727.80","21,087.50","18,828.13",4,2025
2.40309E+16,BALOY,SHOC+,04/06/2025,04/05/2025,000-002531,000-002541,"7,291,727.80","7,320,539.70","28,811.90","25,724.91",4,2025
2.40309E+16,BALOY,SHOC+,04/07/2025,04/06/2025,,,"7,320,539.70","7,320,539.70",0,0,4,2025
2.40309E+16,BALOY,SHOC+,04/08/2025,04/07/2025,000-002542,000-002547,"7,320,539.70","7,342,002.90","21,463.20","19,163.57",4,2025
2.40309E+16,BALOY,SHOC+,04/09/2025,04/08/2025,000-002548,000-002555,"7,342,002.90","7,342,002.90",0,0,4,2025
2.40309E+16,BALOY,SHOC+,04/10/2025,04/09/2025,000-002556,000-002566,"7,342,002.90","7,366,867.40","24,864.50","22,200.45",4,2025
2.40309E+16,BALOY,SHOC+,04/11/2025,04/10/2025,000-002567,000-002576,"7,366,867.40","7,423,922.90","57,055.50","50,942.41",4,2025
2.40309E+16,BALOY,SHOC+,04/12/2025,04/11/2025,000-002577,000-002584,"7,423,922.90","7,449,797.70","25,874.80","23,102.50",4,2025
2.40309E+16,BALOY,SHOC+,4/13/2025,04/12/2025,000-002585,000-002592,"7,449,797.70","7,462,560.10","12,762.40","11,395.00",4,2025
2.40309E+16,BALOY,SHOC+,4/14/2025,4/13/2025,,,"7,462,560.10","7,462,560.10",0,0,4,2025
2.40309E+16,BALOY,SHOC+,4/15/2025,4/14/2025,000-002593,000-002602,"7,462,560.10","7,485,939.40","23,379.30","20,874.38",4,2025
2.40309E+16,BALOY,SHOC+,4/16/2025,4/15/2025,000-002603,000-002611,"7,485,939.40","7,506,644.20","20,704.80","18,486.43",4,2025
2.40309E+16,BALOY,SHOC+,4/17/2025,4/16/2025,000-002612,000-002618,"7,506,644.20","7,521,552.10","14,907.90","13,310.62",4,2025
2.40309E+16,BALOY,SHOC+,4/18/2025,4/17/2025,000-002619,000-002625,"7,521,552.10","7,533,606.20","12,054.10","10,762.59",4,2025
2.40309E+16,BALOY,SHOC+,4/19/2025,4/18/2025,,,"7,533,606.20","7,533,606.20",0,0,4,2025
2.40309E+16,BALOY,SHOC+,4/20/2025,4/19/2025,000-002626,000-002361,"7,533,606.20","7,548,380.60","14,774.40","13,191.43",4,2025
2.40309E+16,BALOY,SHOC+,4/21/2025,4/20/2025,,,"7,548,380.60","7,548,380.60",0,0,4,2025
2.40309E+16,BALOY,SHOC+,4/22/2025,4/21/2025,000-002362,000-002642,"7,548,380.60","7,595,511.70","47,131.10","42,081.34",4,2025
2.40309E+16,BALOY,SHOC+,4/23/2025,4/22/2025,000-002643,000-002651,"7,595,511.70","7,617,195.50","21,683.80","19,360.54",4,2025
2.40309E+16,BALOY,SHOC+,4/24/2025,4/23/2025,000-002652,000-002660,"7,617,195.50","7,631,657.90","14,462.40","12,912.86",4,2025
2.40309E+16,BALOY,SHOC+,4/25/2025,4/24/2025,000-002661,000-002667,"7,631,657.90","7,652,548.00","20,890.10","18,651.87",4,2025
2.40219E+16,BALOY,FUEL/FORECOURT,01/02/2025,01/01/2025,000-202534,000-203066,"286,604,902.81","287,069,140.86","464,238.05","414,498.26",1,2025
2.40219E+16,BALOY,FUEL/FORECOURT,01/02/2025,01/01/2025,000-005157,000-005161,,,0,0,1,2025
2.40219E+16,BALOY,FUEL/FORECOURT,01/03/2025,01/02/2025,000-203067,000-203608,"287,069,140.86","287,792,220.62","723,079.76","645,606.93",1,2025
2.40219E+16,BALOY,FUEL/FORECOURT,01/03/2025,01/02/2025,000-005162,000-005171,,,0,0,1,2025
2.40219E+16,BALOY,FUEL/FORECOURT,01/04/2025,01/03/2025,000-203609,000-204327,"287,792,220.62","288,728,559.06","936,338.44","836,016.46",1,2025
2.40219E+16,BALOY,FUEL/FORECOURT,01/04/2025,01/03/2025,000-005172,000-005190,,,0,0,1,2025
2.40219E+16,BALOY,FUEL/FORECOURT,01/05/2025,01/04/2025,000-204328,000-205010,"288,728,559.06","289,575,624.56","847,065.50","756,308.48",1,2025
2.40219E+16,BALOY,FUEL/FORECOURT,01/05/2025,01/04/2025,000-005191,000-005200,,,0,0,1,2025
2.40219E+16,BALOY,FUEL/FORECOURT,01/06/2025,01/05/2025,000-205011,000-205666,"289,575,624.56","290,407,824.30","832,199.74","743,035.48",1,2025
2.40219E+16,BALOY,FUEL/FORECOURT,01/06/2025,01/05/2025,000-005201,000-005214,,,0,0,1,2025
2.40219E+16,BALOY,FUEL/FORECOURT,01/07/2025,01/06/2025,000-205667,000-206323,"290,407,824.30","291,410,523.02","1,002,698.72","895,266.71",1,2025
2.40219E+16,BALOY,FUEL/FORECOURT,01/07/2025,01/06/2025,000-005215,000-005222,,,0,0,1,2025
2.40219E+16,BALOY,FUEL/FORECOURT,01/08/2025,01/07/2025,000-206324,000-206973,"291,410,523.02","292,380,427.98","969,904.96","865,986.57",1,2025
2.40219E+16,BALOY,FUEL/FORECOURT,01/08/2025,01/07/2025,000-005223,000-005236,,,0,0,1,2025
2.40219E+16,BALOY,FUEL/FORECOURT,01/09/2025,01/08/2025,000-206974,000-207609,"292,380,427.98","293,402,996.77","1,022,568.79","913,007.85",1,2025
2.40219E+16,BALOY,FUEL/FORECOURT,01/09/2025,01/08/2025,000-005237,000-005252,,,0,0,1,2025
2.40219E+16,BALOY,FUEL/FORECOURT,01/10/2025,01/09/2025,000-207610,000-208204,"293,402,996.77","294,203,186.75","800,189.98","714,455.34",1,2025
2.40219E+16,BALOY,FUEL/FORECOURT,01/10/2025,01/09/2025,000-005253,000-005269,,,0,0,1,2025
2.40219E+16,BALOY,FUEL/FORECOURT,01/11/2025,01/10/2025,000-208205,000-208832,"294,203,186.75","295,198,928.48","995,741.73","889,055.12",1,2025
2.40219E+16,BALOY,FUEL/FORECOURT,01/11/2025,01/10/2025,000-005270,000-005282,,,0,0,1,2025
2.40219E+16,BALOY,FUEL/FORECOURT,01/12/2025,01/11/2025,000-208833,000-209584,"295,198,928.48","296,133,626.58","934,698.10","834,551.87",1,2025
2.40219E+16,BALOY,FUEL/FORECOURT,01/12/2025,01/11/2025,000-005283,000-005299,,,0,0,1,2025
2.40219E+16,BALOY,FUEL/FORECOURT,1/13/2025,01/12/2025,000-209585,000-210173,"296,133,626.58","269,898,429.90","-26,235,196.68","-23,424,282.75",1,2025
2.40219E+16,BALOY,FUEL/FORECOURT,1/13/2025,01/12/2025,000-005300,000-005306,,,0,0,1,2025
2.40219E+16,BALOY,FUEL/FORECOURT,1/14/2025,1/13/2025,000-210174,000-210790,"269,898,429.90","297,846,482.06","27,948,052.16","24,953,618.00",1,2025
2.40219E+16,BALOY,FUEL/FORECOURT,1/14/2025,1/13/2025,000-005307,000-005320,,,0,0,1,2025
2.40219E+16,BALOY,FUEL/FORECOURT,1/15/2025,1/14/2025,000-210791,000-211430,"297,846,482.06","298,815,788.80","969,306.74","865,452.45",1,2025
2.40219E+16,BALOY,FUEL/FORECOURT,1/15/2025,1/14/2025,000-005321,000-005336,,,0,0,1,2025
2.40219E+16,BALOY,FUEL/FORECOURT,1/16/2025,1/15/2025,000-211431,000-212035,"298,815,788.80","299,592,851.06","777,062.26","693,805.59",1,2025
2.40219E+16,BALOY,FUEL/FORECOURT,1/16/2025,1/15/2025,000-005337,000-005348,,,0,0,1,2025
2.40219E+16,BALOY,FUEL/FORECOURT,1/17/2025,1/16/2025,000-212036,000-212660,"299,592,851.06","300,476,802.89","883,951.83","789,242.71",1,2025
2.40219E+16,BALOY,FUEL/FORECOURT,1/17/2025,1/16/2025,000-005349,000-005364,,,0,0,1,2025
2.40219E+16,BALOY,FUEL/FORECOURT,1/18/2025,1/17/2025,000-212661,000-213357,"300,476,802.89","301,407,745.79","930,942.90","831,199.02",1,2025
2.40219E+16,BALOY,FUEL/FORECOURT,1/18/2025,1/17/2025,000-005365,000-005376,,,0,0,1,2025
2.40219E+16,BALOY,FUEL/FORECOURT,1/19/2025,1/18/2025,000-213358,000-214103,"301,407,745.79","302,379,872.21","972,126.42","867,970.02",1,2025
2.40219E+16,BALOY,FUEL/FORECOURT,1/19/2025,1/18/2025,000-005377,000-005395,,,0,0,1,2025
2.40219E+16,BALOY,FUEL/FORECOURT,1/20/2025,1/19/2025,000-214104,000-214731,"302,379,872.21","303,100,627.41","720,755.20","643,531.43",1,2025
2.40219E+16,BALOY,FUEL/FORECOURT,1/20/2025,1/19/2025,000-005396,000-005404,,,0,0,1,2025
2.40219E+16,BALOY,FUEL/FORECOURT,1/21/2025,1/20/2025,000-214732,000-215425,"302,379,872.21","304,216,280.89","1,836,408.68","1,639,650.61",1,2025
2.40219E+16,BALOY,FUEL/FORECOURT,1/21/2025,1/20/2025,000-005405,000-005425,,,0,0,1,2025
2.40219E+16,BALOY,FUEL/FORECOURT,1/22/2025,1/21/2025,000-215426,000-215973,"304,216,280.89","305,020,622.41","804,341.52","718,162.07",1,2025
2.40219E+16,BALOY,FUEL/FORECOURT,1/22/2025,1/21/2025,000-005426,000-005440,,,0,0,1,2025
2.40219E+16,BALOY,FUEL/FORECOURT,1/23/2025,1/22/2025,000-215974,000-216591,"305,020,622.41","306,034,277.55","1,013,655.14","905,049.23",1,2025
2.40219E+16,BALOY,FUEL/FORECOURT,1/23/2025,1/22/2025,000-005441,000-005458,,,0,0,1,2025
2.40219E+16,BALOY,FUEL/FORECOURT,1/24/2025,1/23/2025,000-216592,000-217156,"306,034,277.55","307,044,765.26","1,010,487.71","902,221.17",1,2025
2.40219E+16,BALOY,FUEL/FORECOURT,1/24/2025,1/23/2025,000-005459,000-005468,,,0,0,1,2025
2.40219E+16,BALOY,FUEL/FORECOURT,1/25/2025,1/24/2025,000-217157,000-217852,"307,044,765.26","307,954,657.10","909,891.84","812,403.43",1,2025
2.40219E+16,BALOY,FUEL/FORECOURT,1/25/2025,1/24/2025,000-005469,000-005482,,,0,0,1,2025
2.40219E+16,BALOY,FUEL/FORECOURT,1/26/2025,1/25/2025,000-217853,000-218552,"307,954,657.10","308,813,011.35","858,354.25","766,387.72",1,2025
2.40219E+16,BALOY,FUEL/FORECOURT,1/26/2025,1/25/2025,000-005483,000-005498,,,0,0,1,2025
2.40219E+16,BALOY,FUEL/FORECOURT,1/27/2025,1/26/2025,000-218553,000-219184,"308,813,011.35","309,541,394.77","728,383.42","650,342.34",1,2025
2.40219E+16,BALOY,FUEL/FORECOURT,1/27/2025,1/26/2025,000-005499,000-005507,,,0,0,1,2025
2.40219E+16,BALOY,FUEL/FORECOURT,1/28/2025,1/27/2025,000-219185,000-219784,"309,541,394.77","310,463,884.69","922,489.92","823,651.71",1,2025
2.40219E+16,BALOY,FUEL/FORECOURT,1/28/2025,1/27/2025,000-005508,000-005518,,,0,0,1,2025
2.40219E+16,BALOY,FUEL/FORECOURT,1/29/2025,1/28/2025,000-219785,000-220406,"310,463,884.69","311,329,224.40","865,339.71","772,624.74",1,2025
2.40219E+16,BALOY,FUEL/FORECOURT,1/29/2025,1/28/2025,000-005519,000-005532,,,0,0,1,2025
2.40219E+16,BALOY,FUEL/FORECOURT,1/30/2025,1/29/2025,000-220407,000-221031,"311,329,224.40","312,153,680.77","824,456.37","736,121.76",1,2025
2.40219E+16,BALOY,FUEL/FORECOURT,1/30/2025,1/29/2025,000-005533,000-005556,,,0,0,1,2025
2.40219E+16,BALOY,FUEL/FORECOURT,1/31/2025,1/30/2025,000-221032,000-221683,"312,153,680.77","313,146,201.22","992,520.45","886,178.97",1,2025
2.40219E+16,BALOY,FUEL/FORECOURT,1/31/2025,1/30/2025,000-005557,000-005565,,,0,0,1,2025
2.40219E+16,BALOY,FUEL/FORECOURT,02/01/2025,1/31/2025,000-221684,000-222372,"313,146,201.22","314,031,189.65","884,988.43","790,168.24",1,2025
2.40219E+16,BALOY,FUEL/FORECOURT,02/01/2025,1/31/2025,000-005566,000-005582,,,0,0,1,2025
2.40219E+16,BALOY,SELECT,01/02/2025,01/01/2025,000-083986,000-084204,"23,114,006.19","23,189,248.19","75,242.00","67,180.36",1,2025
2.40219E+16,BALOY,SELECT,01/03/2025,01/02/2025,000-084205,000-084498,"23,189,248.19","23,266,351.19","77,103.00","68,841.96",1,2025
2.40219E+16,BALOY,SELECT,01/04/2025,01/03/2025,000-084499,000-084808,"23,266,351.19","23,353,626.19","87,275.00","77,924.11",1,2025
2.40219E+16,BALOY,SELECT,01/05/2025,01/04/2025,000-084809,000-085100,"23,353,626.19","23,433,062.19","79,436.00","70,925.00",1,2025
2.40219E+16,BALOY,SELECT,01/06/2025,01/05/2025,000-085101,000-085379,"23,433,062.19","23,508,577.19","75,515.00","67,424.11",1,2025
2.40219E+16,BALOY,SELECT,01/07/2025,01/06/2025,000-085380,000-085628,"23,508,577.19","23,572,125.19","63,548.00","56,739.29",1,2025
2.40219E+16,BALOY,SELECT,01/08/2025,01/07/2025,000-085629,000-085884,"23,572,125.19","23,630,601.19","58,476.00","52,210.71",1,2025
2.40219E+16,BALOY,SELECT,01/09/2025,01/08/2025,000-085885,000-086185,"23,630,601.19","23,709,683.19","79,082.00","70,608.93",1,2025
2.40219E+16,BALOY,SELECT,01/10/2025,01/09/2025,000-086186,000-086414,"23,709,683.19","23,767,220.19","57,537.00","51,372.32",1,2025
2.40219E+16,BALOY,SELECT,01/11/2025,01/10/2025,000-086415,000-086711,"23,767,220.19","23,837,881.19","70,661.00","63,090.18",1,2025
2.40219E+16,BALOY,SELECT,01/12/2025,01/11/2025,000-086712,000-086920,"23,837,881.19","23,912,593.19","74,712.00","66,707.14",1,2025
2.40219E+16,BALOY,SELECT,1/13/2025,01/12/2025,000-086921,000-087112,"23,912,593.19","23,976,918.19","64,325.00","57,433.04",1,2025
2.40219E+16,BALOY,SELECT,1/14/2025,1/13/2025,000-087113,000-087294,"23,976,918.19","24,034,281.19","57,363.00","51,216.96",1,2025
2.40219E+16,BALOY,SELECT,1/15/2025,1/14/2025,000-087295,000-087493,"24,034,281.19","24,095,496.19","61,215.00","54,656.25",1,2025
2.40219E+16,BALOY,SELECT,1/16/2025,1/15/2025,000-087494,000-087721,"24,095,496.19","24,157,264.19","61,768.00","55,150.00",1,2025
2.40219E+16,BALOY,SELECT,1/17/2025,1/16/2025,000-087722,000-087959,"24,157,264.19","24,219,499.19","62,235.00","55,566.96",1,2025
2.40219E+16,BALOY,SELECT,1/18/2025,1/17/2025,000-087960,000-088199,"24,219,499.19","24,298,108.19","78,609.00","70,186.61",1,2025
2.40219E+16,BALOY,SELECT,1/19/2025,1/18/2025,000-088200,000-088444,"24,298,108.19","24,365,269.19","67,161.00","59,965.18",1,2025
2.40219E+16,BALOY,SELECT,1/20/2025,1/19/2025,000-088445,000-088675,"24,365,269.19","24,442,128.19","76,859.00","68,624.11",1,2025
2.40219E+16,BALOY,SELECT,1/21/2025,1/20/2025,000-088676,000-088885,"24,442,129.19","24,494,775.19","52,646.00","47,005.36",1,2025
2.40219E+16,BALOY,SELECT,1/22/2025,1/21/2025,000-088886,000-089095,"24,494,775.19","24,554,099.19","59,324.00","52,967.86",1,2025
2.40219E+16,BALOY,SELECT,1/23/2025,1/22/2025,000-089096,000-089284,"24,554,099.19","24,609,475.19","55,376.00","49,442.86",1,2025
2.40219E+16,BALOY,SELECT,1/24/2025,1/23/2025,000-089285,000-089497,"24,609,475.19","24,667,392.19","57,917.00","51,711.61",1,2025
2.40219E+16,BALOY,SELECT,1/25/2025,1/24/2025,000-089498,000-089736,"24,667,392.19","24,740,371.19","72,979.00","65,159.82",1,2025
2.40219E+16,BALOY,SELECT,1/26/2025,1/25/2025,000-089737,000-089994,"24,740,371.19","24,830,889.19","90,518.00","80,819.64",1,2025
2.40219E+16,BALOY,SELECT,1/27/2025,1/26/2025,000-089995,000-090207,"24,830,889.19","24,899,411.19","68,522.00","61,180.36",1,2025
2.40219E+16,BALOY,SELECT,1/28/2025,1/27/2025,000-090208,000-090458,"24,899,411.19","24,961,862.19","62,451.00","55,759.82",1,2025
2.40219E+16,BALOY,SELECT,1/29/2025,1/28/2025,000-090459,000-090698,"24,961,862.19","25,030,166.19","68,304.00","60,985.71",1,2025
2.40219E+16,BALOY,SELECT,1/30/2025,1/29/2025,000-090699,000-090968,"25,030,166.19","25,108,144.19","77,978.00","69,623.21",1,2025
2.40219E+16,BALOY,SELECT,1/31/2025,1/30/2025,000-090969,000-091207,"25,108,144.19","25,173,551.19","65,407.00","58,399.11",1,2025
2.40219E+16,BALOY,SELECT,02/01/2025,1/31/2025,000-091208,000-091469,"25,173,551.19","25,250,169.19","76,618.00","68,408.93",1,2025
